{"nm":"Comp 1","ddd":0,"h":172,"w":284,"meta":{"g":"@lottiefiles/toolkit-js 0.60.2"},"layers":[{"ty":4,"nm":"Rectangle 27","sr":1,"st":0,"op":3600,"ip":0,"ln":"51","hasMask":false,"ao":0,"ks":{"a":{"a":0,"k":[6,32.5,0]},"s":{"a":1,"k":[{"s":[100,100,100],"i":{"x":[0,0.193,0.667],"y":[1,1,1]},"o":{"x":[0.333,0.333,0.333],"y":[0,0,0]},"t":0},{"s":[100,49,100],"i":{"x":[0.667,0.667,0.667],"y":[1,1,1]},"o":{"x":[0.333,0.333,0.333],"y":[0,0,0]},"t":32}]},"p":{"a":0,"k":[258,136,0]},"r":{"a":0,"k":0},"o":{"a":0,"k":100}},"shapes":[{"ty":"gr","nm":"Rectangle 16 Stroke","it":[{"ty":"rc","nm":"Rectangle Path 1","d":1,"p":{"a":0,"k":[0,0]},"r":{"a":0,"k":2},"s":{"a":0,"k":[12,65]}},{"ty":"op","nm":"Offset Paths 1","a":{"a":0,"k":-0.5},"lj":2,"ml":{"a":0,"k":1}},{"ty":"tr","a":{"a":0,"k":[0,0]},"s":{"a":0,"k":[100,100]},"p":{"a":0,"k":[0,0]},"r":{"a":0,"k":0},"o":{"a":0,"k":100}}]},{"ty":"gr","nm":"Rectangle 16 Fill","it":[{"ty":"rc","nm":"Rectangle Path 1","d":1,"p":{"a":0,"k":[0,0]},"r":{"a":0,"k":2},"s":{"a":0,"k":[12,65]}},{"ty":"fl","nm":"Fill 1","c":{"a":0,"k":[0.051,0.2196,0.2353]},"r":1,"o":{"a":0,"k":100}},{"ty":"tr","a":{"a":0,"k":[0,0]},"s":{"a":0,"k":[100,100]},"p":{"a":0,"k":[0,0]},"r":{"a":0,"k":0},"o":{"a":0,"k":100}}]}],"ind":1},{"ty":4,"nm":"Rectangle 26","sr":1,"st":0,"op":3600,"ip":0,"ln":"50","hasMask":false,"ao":0,"ks":{"a":{"a":0,"k":[2,29,0]},"s":{"a":1,"k":[{"s":[100,100,100],"i":{"x":[0,0.193,0.667],"y":[1,1,1]},"o":{"x":[0.333,0.333,0.333],"y":[0,0,0]},"t":0},{"s":[100,60,100],"i":{"x":[0.667,0.667,0.667],"y":[1,1,1]},"o":{"x":[0.333,0.333,0.333],"y":[0,0,0]},"t":32}]},"p":{"a":0,"k":[232,138.5,0]},"r":{"a":0,"k":0},"o":{"a":0,"k":100}},"shapes":[{"ty":"gr","nm":"Rectangle 15 Stroke","it":[{"ty":"rc","nm":"Rectangle Path 1","d":1,"p":{"a":0,"k":[0,0]},"r":{"a":0,"k":2},"s":{"a":0,"k":[12,53]}},{"ty":"op","nm":"Offset Paths 1","a":{"a":0,"k":-0.5},"lj":2,"ml":{"a":0,"k":1}},{"ty":"tr","a":{"a":0,"k":[0,0]},"s":{"a":0,"k":[100,100]},"p":{"a":0,"k":[0,0]},"r":{"a":0,"k":0},"o":{"a":0,"k":100}}]},{"ty":"gr","nm":"Rectangle 15 Fill","it":[{"ty":"rc","nm":"Rectangle Path 1","d":1,"p":{"a":0,"k":[0,0]},"r":{"a":0,"k":2},"s":{"a":0,"k":[12,53]}},{"ty":"fl","nm":"Fill 1","c":{"a":0,"k":[0.051,0.2196,0.2353]},"r":1,"o":{"a":0,"k":100}},{"ty":"tr","a":{"a":0,"k":[0,0]},"s":{"a":0,"k":[100,100]},"p":{"a":0,"k":[0,0]},"r":{"a":0,"k":0},"o":{"a":0,"k":100}}]}],"ind":2},{"ty":4,"nm":"Rectangle 25","sr":1,"st":0,"op":3600,"ip":0,"ln":"49","hasMask":false,"ao":0,"ks":{"a":{"a":0,"k":[-4,36,0]},"s":{"a":1,"k":[{"s":[100,100,100],"i":{"x":[0,0.193,0.667],"y":[1,1,1]},"o":{"x":[0.333,0.333,0.333],"y":[0,0,0]},"t":0},{"s":[100,80,100],"i":{"x":[0.667,0.667,0.667],"y":[1,1,1]},"o":{"x":[0.333,0.333,0.333],"y":[0,0,0]},"t":32}]},"p":{"a":0,"k":[204,136,0]},"r":{"a":0,"k":0},"o":{"a":0,"k":100}},"shapes":[{"ty":"gr","nm":"Rectangle 14 Stroke","it":[{"ty":"rc","nm":"Rectangle Path 1","d":1,"p":{"a":0,"k":[0,0]},"r":{"a":0,"k":2},"s":{"a":0,"k":[12,72]}},{"ty":"op","nm":"Offset Paths 1","a":{"a":0,"k":-0.5},"lj":2,"ml":{"a":0,"k":1}},{"ty":"tr","a":{"a":0,"k":[0,0]},"s":{"a":0,"k":[100,100]},"p":{"a":0,"k":[0,0]},"r":{"a":0,"k":0},"o":{"a":0,"k":100}}]},{"ty":"gr","nm":"Rectangle 14 Fill","it":[{"ty":"rc","nm":"Rectangle Path 1","d":1,"p":{"a":0,"k":[0,0]},"r":{"a":0,"k":2},"s":{"a":0,"k":[12,72]}},{"ty":"fl","nm":"Fill 1","c":{"a":0,"k":[0.051,0.2196,0.2353]},"r":1,"o":{"a":0,"k":100}},{"ty":"tr","a":{"a":0,"k":[0,0]},"s":{"a":0,"k":[100,100]},"p":{"a":0,"k":[0,0]},"r":{"a":0,"k":0},"o":{"a":0,"k":100}}]}],"ind":3},{"ty":4,"nm":"Rectangle 24","sr":1,"st":0,"op":3600,"ip":0,"ln":"48","hasMask":false,"ao":0,"ks":{"a":{"a":0,"k":[0,20.5,0]},"s":{"a":1,"k":[{"s":[100,100,100],"i":{"x":[0,0.193,0.667],"y":[1,1,1]},"o":{"x":[0.333,0.333,0.333],"y":[0,0,0]},"t":0},{"s":[100,50,100],"i":{"x":[0.667,0.667,0.667],"y":[1,1,1]},"o":{"x":[0.333,0.333,0.333],"y":[0,0,0]},"t":32}]},"p":{"a":0,"k":[186,136,0]},"r":{"a":0,"k":0},"o":{"a":0,"k":100}},"shapes":[{"ty":"gr","nm":"Rectangle 13 Stroke","it":[{"ty":"rc","nm":"Rectangle Path 1","d":1,"p":{"a":0,"k":[0,0]},"r":{"a":0,"k":2},"s":{"a":0,"k":[12,41]}},{"ty":"op","nm":"Offset Paths 1","a":{"a":0,"k":-0.5},"lj":2,"ml":{"a":0,"k":1}},{"ty":"tr","a":{"a":0,"k":[0,0]},"s":{"a":0,"k":[100,100]},"p":{"a":0,"k":[0,0]},"r":{"a":0,"k":0},"o":{"a":0,"k":100}}]},{"ty":"gr","nm":"Rectangle 13 Fill","it":[{"ty":"rc","nm":"Rectangle Path 1","d":1,"p":{"a":0,"k":[0,0]},"r":{"a":0,"k":2},"s":{"a":0,"k":[12,41]}},{"ty":"fl","nm":"Fill 1","c":{"a":0,"k":[0.051,0.2196,0.2353]},"r":1,"o":{"a":0,"k":100}},{"ty":"tr","a":{"a":0,"k":[0,0]},"s":{"a":0,"k":[100,100]},"p":{"a":0,"k":[0,0]},"r":{"a":0,"k":0},"o":{"a":0,"k":100}}]}],"ind":4},{"ty":4,"nm":"Rectangle 23","sr":1,"st":0,"op":3600,"ip":0,"ln":"47","hasMask":false,"ao":0,"ks":{"a":{"a":0,"k":[4,9.5,0]},"s":{"a":1,"k":[{"s":[100,100,100],"i":{"x":[0,0.193,0.667],"y":[1,1,1]},"o":{"x":[0.333,0.333,0.333],"y":[0,0,0]},"t":0},{"s":[100,150,100],"i":{"x":[0.667,0.667,0.667],"y":[1,1,1]},"o":{"x":[0.333,0.333,0.333],"y":[0,0,0]},"t":32}]},"p":{"a":0,"k":[168,136,0]},"r":{"a":0,"k":0},"o":{"a":0,"k":100}},"shapes":[{"ty":"gr","nm":"Rectangle 12 Stroke","it":[{"ty":"rc","nm":"Rectangle Path 1","d":1,"p":{"a":0,"k":[0,0]},"r":{"a":0,"k":2},"s":{"a":0,"k":[12,19]}},{"ty":"op","nm":"Offset Paths 1","a":{"a":0,"k":-0.5},"lj":2,"ml":{"a":0,"k":1}},{"ty":"tr","a":{"a":0,"k":[0,0]},"s":{"a":0,"k":[100,100]},"p":{"a":0,"k":[0,0]},"r":{"a":0,"k":0},"o":{"a":0,"k":100}}]},{"ty":"gr","nm":"Rectangle 12 Fill","it":[{"ty":"rc","nm":"Rectangle Path 1","d":1,"p":{"a":0,"k":[0,0]},"r":{"a":0,"k":2},"s":{"a":0,"k":[12,19]}},{"ty":"fl","nm":"Fill 1","c":{"a":0,"k":[0.051,0.2196,0.2353]},"r":1,"o":{"a":0,"k":100}},{"ty":"tr","a":{"a":0,"k":[0,0]},"s":{"a":0,"k":[100,100]},"p":{"a":0,"k":[0,0]},"r":{"a":0,"k":0},"o":{"a":0,"k":100}}]}],"ind":5},{"ty":4,"nm":"Rectangle 22","sr":1,"st":0,"op":3600,"ip":0,"ln":"46","hasMask":false,"ao":0,"ks":{"a":{"a":0,"k":[6,28,0]},"s":{"a":1,"k":[{"s":[100,100,100],"i":{"x":[0,0.193,0.667],"y":[1,1,1]},"o":{"x":[0.333,0.333,0.333],"y":[0,0,0]},"t":0},{"s":[100,65,100],"i":{"x":[0.667,0.667,0.667],"y":[1,1,1]},"o":{"x":[0.333,0.333,0.333],"y":[0,0,0]},"t":32}]},"p":{"a":0,"k":[148,134,0]},"r":{"a":0,"k":0},"o":{"a":0,"k":100}},"shapes":[{"ty":"gr","nm":"Rectangle 11 Stroke","it":[{"ty":"rc","nm":"Rectangle Path 1","d":1,"p":{"a":0,"k":[0,0]},"r":{"a":0,"k":2},"s":{"a":0,"k":[12,60]}},{"ty":"op","nm":"Offset Paths 1","a":{"a":0,"k":-0.5},"lj":2,"ml":{"a":0,"k":1}},{"ty":"tr","a":{"a":0,"k":[0,0]},"s":{"a":0,"k":[100,100]},"p":{"a":0,"k":[0,0]},"r":{"a":0,"k":0},"o":{"a":0,"k":100}}]},{"ty":"gr","nm":"Rectangle 11 Fill","it":[{"ty":"rc","nm":"Rectangle Path 1","d":1,"p":{"a":0,"k":[0,0]},"r":{"a":0,"k":2},"s":{"a":0,"k":[12,60]}},{"ty":"fl","nm":"Fill 1","c":{"a":0,"k":[0.051,0.2196,0.2353]},"r":1,"o":{"a":0,"k":100}},{"ty":"tr","a":{"a":0,"k":[0,0]},"s":{"a":0,"k":[100,100]},"p":{"a":0,"k":[0,0]},"r":{"a":0,"k":0},"o":{"a":0,"k":100}}]}],"ind":6},{"ty":4,"nm":"Rectangle 21","sr":1,"st":0,"op":3600,"ip":0,"ln":"45","hasMask":false,"ao":0,"ks":{"a":{"a":0,"k":[0,17,0]},"s":{"a":1,"k":[{"s":[100,100,100],"i":{"x":[0,0.193,0.667],"y":[1,1,1]},"o":{"x":[0.333,0.333,0.333],"y":[0,0,0]},"t":0},{"s":[100,130,100],"i":{"x":[0.667,0.667,0.667],"y":[1,1,1]},"o":{"x":[0.333,0.333,0.333],"y":[0,0,0]},"t":32}]},"p":{"a":0,"k":[120,136,0]},"r":{"a":0,"k":0},"o":{"a":0,"k":100}},"shapes":[{"ty":"gr","nm":"Rectangle 10 Stroke","it":[{"ty":"rc","nm":"Rectangle Path 1","d":1,"p":{"a":0,"k":[0,0]},"r":{"a":0,"k":2},"s":{"a":0,"k":[12,34]}},{"ty":"op","nm":"Offset Paths 1","a":{"a":0,"k":-0.5},"lj":2,"ml":{"a":0,"k":1}},{"ty":"tr","a":{"a":0,"k":[0,0]},"s":{"a":0,"k":[100,100]},"p":{"a":0,"k":[0,0]},"r":{"a":0,"k":0},"o":{"a":0,"k":100}}]},{"ty":"gr","nm":"Rectangle 10 Fill","it":[{"ty":"rc","nm":"Rectangle Path 1","d":1,"p":{"a":0,"k":[0,0]},"r":{"a":0,"k":2},"s":{"a":0,"k":[12,34]}},{"ty":"fl","nm":"Fill 1","c":{"a":0,"k":[0.051,0.2196,0.2353]},"r":1,"o":{"a":0,"k":100}},{"ty":"tr","a":{"a":0,"k":[0,0]},"s":{"a":0,"k":[100,100]},"p":{"a":0,"k":[0,0]},"r":{"a":0,"k":0},"o":{"a":0,"k":100}}]}],"ind":7},{"ty":4,"nm":"Rectangle 20","sr":1,"st":0,"op":3600,"ip":0,"ln":"44","hasMask":false,"ao":0,"ks":{"a":{"a":0,"k":[-1,30.5,0]},"s":{"a":1,"k":[{"s":[100,100,100],"i":{"x":[0,0.193,0.667],"y":[1,1,1]},"o":{"x":[0.333,0.333,0.333],"y":[0,0,0]},"t":0},{"s":[100,66,100],"i":{"x":[0.667,0.667,0.667],"y":[1,1,1]},"o":{"x":[0.333,0.333,0.333],"y":[0,0,0]},"t":32}]},"p":{"a":0,"k":[97,136.5,0]},"r":{"a":0,"k":0},"o":{"a":0,"k":100}},"shapes":[{"ty":"gr","nm":"Rectangle 9 Stroke","it":[{"ty":"rc","nm":"Rectangle Path 1","d":1,"p":{"a":0,"k":[0,0]},"r":{"a":0,"k":2},"s":{"a":0,"k":[12,60]}},{"ty":"op","nm":"Offset Paths 1","a":{"a":0,"k":-0.5},"lj":2,"ml":{"a":0,"k":1}},{"ty":"tr","a":{"a":0,"k":[0,0]},"s":{"a":0,"k":[100,100]},"p":{"a":0,"k":[0,0]},"r":{"a":0,"k":0},"o":{"a":0,"k":100}}]},{"ty":"gr","nm":"Rectangle 9 Fill","it":[{"ty":"rc","nm":"Rectangle Path 1","d":1,"p":{"a":0,"k":[0,0]},"r":{"a":0,"k":2},"s":{"a":0,"k":[12,60]}},{"ty":"fl","nm":"Fill 1","c":{"a":0,"k":[0.051,0.2196,0.2353]},"r":1,"o":{"a":0,"k":100}},{"ty":"tr","a":{"a":0,"k":[0,0]},"s":{"a":0,"k":[100,100]},"p":{"a":0,"k":[0,0]},"r":{"a":0,"k":0},"o":{"a":0,"k":100}}]}],"ind":8},{"ty":4,"nm":"Rectangle 19","sr":1,"st":0,"op":3600,"ip":0,"ln":"43","hasMask":false,"ao":0,"ks":{"a":{"a":0,"k":[1,15,0]},"s":{"a":1,"k":[{"s":[100,100,100],"i":{"x":[0,0.193,0.667],"y":[1,1,1]},"o":{"x":[0.333,0.333,0.333],"y":[0,0,0]},"t":0},{"s":[100,150,100],"i":{"x":[0.667,0.667,0.667],"y":[1,1,1]},"o":{"x":[0.333,0.333,0.333],"y":[0,0,0]},"t":32}]},"p":{"a":0,"k":[77,136.5,0]},"r":{"a":0,"k":0},"o":{"a":0,"k":100}},"shapes":[{"ty":"gr","nm":"Rectangle 8 Stroke","it":[{"ty":"rc","nm":"Rectangle Path 1","d":1,"p":{"a":0,"k":[0,0]},"r":{"a":0,"k":2},"s":{"a":0,"k":[12,29]}},{"ty":"op","nm":"Offset Paths 1","a":{"a":0,"k":-0.5},"lj":2,"ml":{"a":0,"k":1}},{"ty":"tr","a":{"a":0,"k":[0,0]},"s":{"a":0,"k":[100,100]},"p":{"a":0,"k":[0,0]},"r":{"a":0,"k":0},"o":{"a":0,"k":100}}]},{"ty":"gr","nm":"Rectangle 8 Fill","it":[{"ty":"rc","nm":"Rectangle Path 1","d":1,"p":{"a":0,"k":[0,0]},"r":{"a":0,"k":2},"s":{"a":0,"k":[12,29]}},{"ty":"fl","nm":"Fill 1","c":{"a":0,"k":[0.051,0.2196,0.2353]},"r":1,"o":{"a":0,"k":100}},{"ty":"tr","a":{"a":0,"k":[0,0]},"s":{"a":0,"k":[100,100]},"p":{"a":0,"k":[0,0]},"r":{"a":0,"k":0},"o":{"a":0,"k":100}}]}],"ind":9},{"ty":4,"nm":"Rectangle 18","sr":1,"st":0,"op":3600,"ip":0,"ln":"42","hasMask":false,"ao":0,"ks":{"a":{"a":0,"k":[1,33.5,0]},"s":{"a":1,"k":[{"s":[100,100,100],"i":{"x":[0,0.193,0.667],"y":[1,1,1]},"o":{"x":[0.333,0.333,0.333],"y":[0,0,0]},"t":0},{"s":[100,40,100],"i":{"x":[0.667,0.667,0.667],"y":[1,1,1]},"o":{"x":[0.333,0.333,0.333],"y":[0,0,0]},"t":32}]},"p":{"a":0,"k":[55,135.5,0]},"r":{"a":0,"k":0},"o":{"a":0,"k":100}},"shapes":[{"ty":"gr","nm":"Rectangle 7 Stroke","it":[{"ty":"rc","nm":"Rectangle Path 1","d":1,"p":{"a":0,"k":[0,0]},"r":{"a":0,"k":2},"s":{"a":0,"k":[12,68]}},{"ty":"op","nm":"Offset Paths 1","a":{"a":0,"k":-0.5},"lj":2,"ml":{"a":0,"k":1}},{"ty":"tr","a":{"a":0,"k":[0,0]},"s":{"a":0,"k":[100,100]},"p":{"a":0,"k":[0,0]},"r":{"a":0,"k":0},"o":{"a":0,"k":100}}]},{"ty":"gr","nm":"Rectangle 7 Fill","it":[{"ty":"rc","nm":"Rectangle Path 1","d":1,"p":{"a":0,"k":[0,0]},"r":{"a":0,"k":2},"s":{"a":0,"k":[12,68]}},{"ty":"fl","nm":"Fill 1","c":{"a":0,"k":[0.051,0.2196,0.2353]},"r":1,"o":{"a":0,"k":100}},{"ty":"tr","a":{"a":0,"k":[0,0]},"s":{"a":0,"k":[100,100]},"p":{"a":0,"k":[0,0]},"r":{"a":0,"k":0},"o":{"a":0,"k":100}}]}],"ind":10},{"ty":4,"nm":"Rectangle 17","sr":1,"st":0,"op":3600,"ip":0,"ln":"41","hasMask":false,"ao":0,"ks":{"a":{"a":0,"k":[1.5,22.5,0]},"s":{"a":1,"k":[{"s":[100,100,100],"i":{"x":[0,0.193,0.667],"y":[1,1,1]},"o":{"x":[0.333,0.333,0.333],"y":[0,0,0]},"t":0},{"s":[100,30,100],"i":{"x":[0.667,0.667,0.667],"y":[1,1,1]},"o":{"x":[0.333,0.333,0.333],"y":[0,0,0]},"t":32}]},"p":{"a":0,"k":[33.5,136.5,0]},"r":{"a":0,"k":0},"o":{"a":0,"k":100}},"shapes":[{"ty":"gr","nm":"Rectangle 6 Stroke","it":[{"ty":"rc","nm":"Rectangle Path 1","d":1,"p":{"a":0,"k":[0,0]},"r":{"a":0,"k":2},"s":{"a":0,"k":[12,44]}},{"ty":"op","nm":"Offset Paths 1","a":{"a":0,"k":-0.5},"lj":2,"ml":{"a":0,"k":1}},{"ty":"tr","a":{"a":0,"k":[0,0]},"s":{"a":0,"k":[100,100]},"p":{"a":0,"k":[0,0]},"r":{"a":0,"k":0},"o":{"a":0,"k":100}}]},{"ty":"gr","nm":"Rectangle 6 Fill","it":[{"ty":"rc","nm":"Rectangle Path 1","d":1,"p":{"a":0,"k":[0,0]},"r":{"a":0,"k":2},"s":{"a":0,"k":[12,44]}},{"ty":"fl","nm":"Fill 1","c":{"a":0,"k":[0.051,0.2196,0.2353]},"r":1,"o":{"a":0,"k":100}},{"ty":"tr","a":{"a":0,"k":[0,0]},"s":{"a":0,"k":[100,100]},"p":{"a":0,"k":[0,0]},"r":{"a":0,"k":0},"o":{"a":0,"k":100}}]}],"ind":11},{"ty":4,"nm":"Rectangle 16","sr":1,"st":0,"op":3600,"ip":0,"ln":"27","hasMask":false,"ao":0,"ks":{"a":{"a":0,"k":[6,32.5,0]},"s":{"a":1,"k":[{"s":[100,100,100],"i":{"x":[0,0.193,0.667],"y":[1,1,1]},"o":{"x":[0.333,0.333,0.333],"y":[0,0,0]},"t":0},{"s":[100,49,100],"i":{"x":[0.667,0.667,0.667],"y":[1,1,1]},"o":{"x":[0.333,0.333,0.333],"y":[0,0,0]},"t":32}]},"p":{"a":0,"k":[258,136,0]},"r":{"a":0,"k":0},"o":{"a":0,"k":100}},"shapes":[{"ty":"gr","nm":"Rectangle 16 Stroke","it":[{"ty":"rc","nm":"Rectangle Path 1","d":1,"p":{"a":0,"k":[0,0]},"r":{"a":0,"k":2},"s":{"a":0,"k":[12,65]}},{"ty":"op","nm":"Offset Paths 1","a":{"a":0,"k":-0.5},"lj":2,"ml":{"a":0,"k":1}},{"ty":"tr","a":{"a":0,"k":[0,0]},"s":{"a":0,"k":[100,100]},"p":{"a":0,"k":[0,0]},"r":{"a":0,"k":0},"o":{"a":0,"k":100}}]},{"ty":"gr","nm":"Rectangle 16 Fill","it":[{"ty":"rc","nm":"Rectangle Path 1","d":1,"p":{"a":0,"k":[0,0]},"r":{"a":0,"k":2},"s":{"a":0,"k":[12,65]}},{"ty":"fl","nm":"Fill 1","c":{"a":0,"k":[0.051,0.2196,0.2353]},"r":1,"o":{"a":0,"k":100}},{"ty":"tr","a":{"a":0,"k":[0,0]},"s":{"a":0,"k":[100,100]},"p":{"a":0,"k":[0,0]},"r":{"a":0,"k":0},"o":{"a":0,"k":100}}]}],"ind":12},{"ty":4,"nm":"Rectangle 15","sr":1,"st":0,"op":3600,"ip":0,"ln":"26","hasMask":false,"ao":0,"ks":{"a":{"a":0,"k":[2,29,0]},"s":{"a":1,"k":[{"s":[100,100,100],"i":{"x":[0,0.193,0.667],"y":[1,1,1]},"o":{"x":[0.333,0.333,0.333],"y":[0,0,0]},"t":0},{"s":[100,60,100],"i":{"x":[0.667,0.667,0.667],"y":[1,1,1]},"o":{"x":[0.333,0.333,0.333],"y":[0,0,0]},"t":32}]},"p":{"a":0,"k":[232,138.5,0]},"r":{"a":0,"k":0},"o":{"a":0,"k":100}},"shapes":[{"ty":"gr","nm":"Rectangle 15 Stroke","it":[{"ty":"rc","nm":"Rectangle Path 1","d":1,"p":{"a":0,"k":[0,0]},"r":{"a":0,"k":2},"s":{"a":0,"k":[12,53]}},{"ty":"op","nm":"Offset Paths 1","a":{"a":0,"k":-0.5},"lj":2,"ml":{"a":0,"k":1}},{"ty":"tr","a":{"a":0,"k":[0,0]},"s":{"a":0,"k":[100,100]},"p":{"a":0,"k":[0,0]},"r":{"a":0,"k":0},"o":{"a":0,"k":100}}]},{"ty":"gr","nm":"Rectangle 15 Fill","it":[{"ty":"rc","nm":"Rectangle Path 1","d":1,"p":{"a":0,"k":[0,0]},"r":{"a":0,"k":2},"s":{"a":0,"k":[12,53]}},{"ty":"fl","nm":"Fill 1","c":{"a":0,"k":[0.051,0.2196,0.2353]},"r":1,"o":{"a":0,"k":100}},{"ty":"tr","a":{"a":0,"k":[0,0]},"s":{"a":0,"k":[100,100]},"p":{"a":0,"k":[0,0]},"r":{"a":0,"k":0},"o":{"a":0,"k":100}}]}],"ind":13},{"ty":4,"nm":"Rectangle 14","sr":1,"st":0,"op":3600,"ip":0,"ln":"25","hasMask":false,"ao":0,"ks":{"a":{"a":0,"k":[-4,36,0]},"s":{"a":1,"k":[{"s":[100,100,100],"i":{"x":[0,0.193,0.667],"y":[1,1,1]},"o":{"x":[0.333,0.333,0.333],"y":[0,0,0]},"t":0},{"s":[100,80,100],"i":{"x":[0.667,0.667,0.667],"y":[1,1,1]},"o":{"x":[0.333,0.333,0.333],"y":[0,0,0]},"t":32}]},"p":{"a":0,"k":[204,136,0]},"r":{"a":0,"k":0},"o":{"a":0,"k":100}},"shapes":[{"ty":"gr","nm":"Rectangle 14 Stroke","it":[{"ty":"rc","nm":"Rectangle Path 1","d":1,"p":{"a":0,"k":[0,0]},"r":{"a":0,"k":2},"s":{"a":0,"k":[12,72]}},{"ty":"op","nm":"Offset Paths 1","a":{"a":0,"k":-0.5},"lj":2,"ml":{"a":0,"k":1}},{"ty":"tr","a":{"a":0,"k":[0,0]},"s":{"a":0,"k":[100,100]},"p":{"a":0,"k":[0,0]},"r":{"a":0,"k":0},"o":{"a":0,"k":100}}]},{"ty":"gr","nm":"Rectangle 14 Fill","it":[{"ty":"rc","nm":"Rectangle Path 1","d":1,"p":{"a":0,"k":[0,0]},"r":{"a":0,"k":2},"s":{"a":0,"k":[12,72]}},{"ty":"fl","nm":"Fill 1","c":{"a":0,"k":[0.051,0.2196,0.2353]},"r":1,"o":{"a":0,"k":100}},{"ty":"tr","a":{"a":0,"k":[0,0]},"s":{"a":0,"k":[100,100]},"p":{"a":0,"k":[0,0]},"r":{"a":0,"k":0},"o":{"a":0,"k":100}}]}],"ind":14},{"ty":4,"nm":"Rectangle 13","sr":1,"st":0,"op":3600,"ip":0,"ln":"24","hasMask":false,"ao":0,"ks":{"a":{"a":0,"k":[0,20.5,0]},"s":{"a":1,"k":[{"s":[100,100,100],"i":{"x":[0,0.193,0.667],"y":[1,1,1]},"o":{"x":[0.333,0.333,0.333],"y":[0,0,0]},"t":0},{"s":[100,50,100],"i":{"x":[0.667,0.667,0.667],"y":[1,1,1]},"o":{"x":[0.333,0.333,0.333],"y":[0,0,0]},"t":32}]},"p":{"a":0,"k":[186,136,0]},"r":{"a":0,"k":0},"o":{"a":0,"k":100}},"shapes":[{"ty":"gr","nm":"Rectangle 13 Stroke","it":[{"ty":"rc","nm":"Rectangle Path 1","d":1,"p":{"a":0,"k":[0,0]},"r":{"a":0,"k":2},"s":{"a":0,"k":[12,41]}},{"ty":"op","nm":"Offset Paths 1","a":{"a":0,"k":-0.5},"lj":2,"ml":{"a":0,"k":1}},{"ty":"tr","a":{"a":0,"k":[0,0]},"s":{"a":0,"k":[100,100]},"p":{"a":0,"k":[0,0]},"r":{"a":0,"k":0},"o":{"a":0,"k":100}}]},{"ty":"gr","nm":"Rectangle 13 Fill","it":[{"ty":"rc","nm":"Rectangle Path 1","d":1,"p":{"a":0,"k":[0,0]},"r":{"a":0,"k":2},"s":{"a":0,"k":[12,41]}},{"ty":"fl","nm":"Fill 1","c":{"a":0,"k":[0.051,0.2196,0.2353]},"r":1,"o":{"a":0,"k":100}},{"ty":"tr","a":{"a":0,"k":[0,0]},"s":{"a":0,"k":[100,100]},"p":{"a":0,"k":[0,0]},"r":{"a":0,"k":0},"o":{"a":0,"k":100}}]}],"ind":15},{"ty":4,"nm":"Rectangle 12","sr":1,"st":0,"op":3600,"ip":0,"ln":"23","hasMask":false,"ao":0,"ks":{"a":{"a":0,"k":[4,9.5,0]},"s":{"a":1,"k":[{"s":[100,100,100],"i":{"x":[0,0.193,0.667],"y":[1,1,1]},"o":{"x":[0.333,0.333,0.333],"y":[0,0,0]},"t":0},{"s":[100,150,100],"i":{"x":[0.667,0.667,0.667],"y":[1,1,1]},"o":{"x":[0.333,0.333,0.333],"y":[0,0,0]},"t":32}]},"p":{"a":0,"k":[168,136,0]},"r":{"a":0,"k":0},"o":{"a":0,"k":100}},"shapes":[{"ty":"gr","nm":"Rectangle 12 Stroke","it":[{"ty":"rc","nm":"Rectangle Path 1","d":1,"p":{"a":0,"k":[0,0]},"r":{"a":0,"k":2},"s":{"a":0,"k":[12,19]}},{"ty":"op","nm":"Offset Paths 1","a":{"a":0,"k":-0.5},"lj":2,"ml":{"a":0,"k":1}},{"ty":"tr","a":{"a":0,"k":[0,0]},"s":{"a":0,"k":[100,100]},"p":{"a":0,"k":[0,0]},"r":{"a":0,"k":0},"o":{"a":0,"k":100}}]},{"ty":"gr","nm":"Rectangle 12 Fill","it":[{"ty":"rc","nm":"Rectangle Path 1","d":1,"p":{"a":0,"k":[0,0]},"r":{"a":0,"k":2},"s":{"a":0,"k":[12,19]}},{"ty":"fl","nm":"Fill 1","c":{"a":0,"k":[0.051,0.2196,0.2353]},"r":1,"o":{"a":0,"k":100}},{"ty":"tr","a":{"a":0,"k":[0,0]},"s":{"a":0,"k":[100,100]},"p":{"a":0,"k":[0,0]},"r":{"a":0,"k":0},"o":{"a":0,"k":100}}]}],"ind":16},{"ty":4,"nm":"Rectangle 11","sr":1,"st":0,"op":3600,"ip":0,"ln":"22","hasMask":false,"ao":0,"ks":{"a":{"a":0,"k":[6,28,0]},"s":{"a":1,"k":[{"s":[100,100,100],"i":{"x":[0,0.193,0.667],"y":[1,1,1]},"o":{"x":[0.333,0.333,0.333],"y":[0,0,0]},"t":0},{"s":[100,65,100],"i":{"x":[0.667,0.667,0.667],"y":[1,1,1]},"o":{"x":[0.333,0.333,0.333],"y":[0,0,0]},"t":32}]},"p":{"a":0,"k":[148,134,0]},"r":{"a":0,"k":0},"o":{"a":0,"k":100}},"shapes":[{"ty":"gr","nm":"Rectangle 11 Stroke","it":[{"ty":"rc","nm":"Rectangle Path 1","d":1,"p":{"a":0,"k":[0,0]},"r":{"a":0,"k":2},"s":{"a":0,"k":[12,60]}},{"ty":"op","nm":"Offset Paths 1","a":{"a":0,"k":-0.5},"lj":2,"ml":{"a":0,"k":1}},{"ty":"tr","a":{"a":0,"k":[0,0]},"s":{"a":0,"k":[100,100]},"p":{"a":0,"k":[0,0]},"r":{"a":0,"k":0},"o":{"a":0,"k":100}}]},{"ty":"gr","nm":"Rectangle 11 Fill","it":[{"ty":"rc","nm":"Rectangle Path 1","d":1,"p":{"a":0,"k":[0,0]},"r":{"a":0,"k":2},"s":{"a":0,"k":[12,60]}},{"ty":"fl","nm":"Fill 1","c":{"a":0,"k":[0.051,0.2196,0.2353]},"r":1,"o":{"a":0,"k":100}},{"ty":"tr","a":{"a":0,"k":[0,0]},"s":{"a":0,"k":[100,100]},"p":{"a":0,"k":[0,0]},"r":{"a":0,"k":0},"o":{"a":0,"k":100}}]}],"ind":17},{"ty":4,"nm":"Rectangle 10","sr":1,"st":0,"op":3600,"ip":0,"ln":"21","hasMask":false,"ao":0,"ks":{"a":{"a":0,"k":[0,17,0]},"s":{"a":1,"k":[{"s":[100,100,100],"i":{"x":[0,0.193,0.667],"y":[1,1,1]},"o":{"x":[0.333,0.333,0.333],"y":[0,0,0]},"t":0},{"s":[100,130,100],"i":{"x":[0.667,0.667,0.667],"y":[1,1,1]},"o":{"x":[0.333,0.333,0.333],"y":[0,0,0]},"t":32}]},"p":{"a":0,"k":[120,136,0]},"r":{"a":0,"k":0},"o":{"a":0,"k":100}},"shapes":[{"ty":"gr","nm":"Rectangle 10 Stroke","it":[{"ty":"rc","nm":"Rectangle Path 1","d":1,"p":{"a":0,"k":[0,0]},"r":{"a":0,"k":2},"s":{"a":0,"k":[12,34]}},{"ty":"op","nm":"Offset Paths 1","a":{"a":0,"k":-0.5},"lj":2,"ml":{"a":0,"k":1}},{"ty":"tr","a":{"a":0,"k":[0,0]},"s":{"a":0,"k":[100,100]},"p":{"a":0,"k":[0,0]},"r":{"a":0,"k":0},"o":{"a":0,"k":100}}]},{"ty":"gr","nm":"Rectangle 10 Fill","it":[{"ty":"rc","nm":"Rectangle Path 1","d":1,"p":{"a":0,"k":[0,0]},"r":{"a":0,"k":2},"s":{"a":0,"k":[12,34]}},{"ty":"fl","nm":"Fill 1","c":{"a":0,"k":[0.051,0.2196,0.2353]},"r":1,"o":{"a":0,"k":100}},{"ty":"tr","a":{"a":0,"k":[0,0]},"s":{"a":0,"k":[100,100]},"p":{"a":0,"k":[0,0]},"r":{"a":0,"k":0},"o":{"a":0,"k":100}}]}],"ind":18},{"ty":4,"nm":"Rectangle 9","sr":1,"st":0,"op":3600,"ip":0,"ln":"20","hasMask":false,"ao":0,"ks":{"a":{"a":0,"k":[-1,30.5,0]},"s":{"a":1,"k":[{"s":[100,100,100],"i":{"x":[0,0.193,0.667],"y":[1,1,1]},"o":{"x":[0.333,0.333,0.333],"y":[0,0,0]},"t":0},{"s":[100,66,100],"i":{"x":[0.667,0.667,0.667],"y":[1,1,1]},"o":{"x":[0.333,0.333,0.333],"y":[0,0,0]},"t":32}]},"p":{"a":0,"k":[97,136.5,0]},"r":{"a":0,"k":0},"o":{"a":0,"k":100}},"shapes":[{"ty":"gr","nm":"Rectangle 9 Stroke","it":[{"ty":"rc","nm":"Rectangle Path 1","d":1,"p":{"a":0,"k":[0,0]},"r":{"a":0,"k":2},"s":{"a":0,"k":[12,60]}},{"ty":"op","nm":"Offset Paths 1","a":{"a":0,"k":-0.5},"lj":2,"ml":{"a":0,"k":1}},{"ty":"tr","a":{"a":0,"k":[0,0]},"s":{"a":0,"k":[100,100]},"p":{"a":0,"k":[0,0]},"r":{"a":0,"k":0},"o":{"a":0,"k":100}}]},{"ty":"gr","nm":"Rectangle 9 Fill","it":[{"ty":"rc","nm":"Rectangle Path 1","d":1,"p":{"a":0,"k":[0,0]},"r":{"a":0,"k":2},"s":{"a":0,"k":[12,60]}},{"ty":"fl","nm":"Fill 1","c":{"a":0,"k":[0.051,0.2196,0.2353]},"r":1,"o":{"a":0,"k":100}},{"ty":"tr","a":{"a":0,"k":[0,0]},"s":{"a":0,"k":[100,100]},"p":{"a":0,"k":[0,0]},"r":{"a":0,"k":0},"o":{"a":0,"k":100}}]}],"ind":19},{"ty":4,"nm":"Rectangle 8","sr":1,"st":0,"op":3600,"ip":0,"ln":"19","hasMask":false,"ao":0,"ks":{"a":{"a":0,"k":[1,15,0]},"s":{"a":1,"k":[{"s":[100,100,100],"i":{"x":[0,0.193,0.667],"y":[1,1,1]},"o":{"x":[0.333,0.333,0.333],"y":[0,0,0]},"t":0},{"s":[100,150,100],"i":{"x":[0.667,0.667,0.667],"y":[1,1,1]},"o":{"x":[0.333,0.333,0.333],"y":[0,0,0]},"t":32}]},"p":{"a":0,"k":[77,136.5,0]},"r":{"a":0,"k":0},"o":{"a":0,"k":100}},"shapes":[{"ty":"gr","nm":"Rectangle 8 Stroke","it":[{"ty":"rc","nm":"Rectangle Path 1","d":1,"p":{"a":0,"k":[0,0]},"r":{"a":0,"k":2},"s":{"a":0,"k":[12,29]}},{"ty":"op","nm":"Offset Paths 1","a":{"a":0,"k":-0.5},"lj":2,"ml":{"a":0,"k":1}},{"ty":"tr","a":{"a":0,"k":[0,0]},"s":{"a":0,"k":[100,100]},"p":{"a":0,"k":[0,0]},"r":{"a":0,"k":0},"o":{"a":0,"k":100}}]},{"ty":"gr","nm":"Rectangle 8 Fill","it":[{"ty":"rc","nm":"Rectangle Path 1","d":1,"p":{"a":0,"k":[0,0]},"r":{"a":0,"k":2},"s":{"a":0,"k":[12,29]}},{"ty":"fl","nm":"Fill 1","c":{"a":0,"k":[0.051,0.2196,0.2353]},"r":1,"o":{"a":0,"k":100}},{"ty":"tr","a":{"a":0,"k":[0,0]},"s":{"a":0,"k":[100,100]},"p":{"a":0,"k":[0,0]},"r":{"a":0,"k":0},"o":{"a":0,"k":100}}]}],"ind":20},{"ty":4,"nm":"Rectangle 7","sr":1,"st":0,"op":3600,"ip":0,"ln":"18","hasMask":false,"ao":0,"ks":{"a":{"a":0,"k":[1,33.5,0]},"s":{"a":1,"k":[{"s":[100,100,100],"i":{"x":[0,0.193,0.667],"y":[1,1,1]},"o":{"x":[0.333,0.333,0.333],"y":[0,0,0]},"t":0},{"s":[100,40,100],"i":{"x":[0.667,0.667,0.667],"y":[1,1,1]},"o":{"x":[0.333,0.333,0.333],"y":[0,0,0]},"t":32}]},"p":{"a":0,"k":[55,135.5,0]},"r":{"a":0,"k":0},"o":{"a":0,"k":100}},"shapes":[{"ty":"gr","nm":"Rectangle 7 Stroke","it":[{"ty":"rc","nm":"Rectangle Path 1","d":1,"p":{"a":0,"k":[0,0]},"r":{"a":0,"k":2},"s":{"a":0,"k":[12,68]}},{"ty":"op","nm":"Offset Paths 1","a":{"a":0,"k":-0.5},"lj":2,"ml":{"a":0,"k":1}},{"ty":"tr","a":{"a":0,"k":[0,0]},"s":{"a":0,"k":[100,100]},"p":{"a":0,"k":[0,0]},"r":{"a":0,"k":0},"o":{"a":0,"k":100}}]},{"ty":"gr","nm":"Rectangle 7 Fill","it":[{"ty":"rc","nm":"Rectangle Path 1","d":1,"p":{"a":0,"k":[0,0]},"r":{"a":0,"k":2},"s":{"a":0,"k":[12,68]}},{"ty":"fl","nm":"Fill 1","c":{"a":0,"k":[0.051,0.2196,0.2353]},"r":1,"o":{"a":0,"k":100}},{"ty":"tr","a":{"a":0,"k":[0,0]},"s":{"a":0,"k":[100,100]},"p":{"a":0,"k":[0,0]},"r":{"a":0,"k":0},"o":{"a":0,"k":100}}]}],"ind":21},{"ty":4,"nm":"Rectangle 6","sr":1,"st":0,"op":3600,"ip":0,"ln":"17","hasMask":false,"ao":0,"ks":{"a":{"a":0,"k":[1.5,22.5,0]},"s":{"a":1,"k":[{"s":[100,100,100],"i":{"x":[0,0.193,0.667],"y":[1,1,1]},"o":{"x":[0.333,0.333,0.333],"y":[0,0,0]},"t":0},{"s":[100,30,100],"i":{"x":[0.667,0.667,0.667],"y":[1,1,1]},"o":{"x":[0.333,0.333,0.333],"y":[0,0,0]},"t":32}]},"p":{"a":0,"k":[33.5,136.5,0]},"r":{"a":0,"k":0},"o":{"a":0,"k":100}},"shapes":[{"ty":"gr","nm":"Rectangle 6 Stroke","it":[{"ty":"rc","nm":"Rectangle Path 1","d":1,"p":{"a":0,"k":[0,0]},"r":{"a":0,"k":2},"s":{"a":0,"k":[12,44]}},{"ty":"op","nm":"Offset Paths 1","a":{"a":0,"k":-0.5},"lj":2,"ml":{"a":0,"k":1}},{"ty":"tr","a":{"a":0,"k":[0,0]},"s":{"a":0,"k":[100,100]},"p":{"a":0,"k":[0,0]},"r":{"a":0,"k":0},"o":{"a":0,"k":100}}]},{"ty":"gr","nm":"Rectangle 6 Fill","it":[{"ty":"rc","nm":"Rectangle Path 1","d":1,"p":{"a":0,"k":[0,0]},"r":{"a":0,"k":2},"s":{"a":0,"k":[12,44]}},{"ty":"fl","nm":"Fill 1","c":{"a":0,"k":[0.051,0.2196,0.2353]},"r":1,"o":{"a":0,"k":100}},{"ty":"tr","a":{"a":0,"k":[0,0]},"s":{"a":0,"k":[100,100]},"p":{"a":0,"k":[0,0]},"r":{"a":0,"k":0},"o":{"a":0,"k":100}}]}],"ind":22},{"ty":4,"nm":"Apr 12 Outlines","sr":1,"st":0,"op":3600,"ip":0,"ln":"69","hasMask":false,"ao":0,"ks":{"a":{"a":0,"k":[0,0]},"s":{"a":0,"k":[100,100]},"p":{"a":0,"k":[238,151.35,0]},"r":{"a":0,"k":0},"o":{"a":0,"k":100}},"shapes":[{"ty":"gr","nm":"A","it":[{"ty":"sh","nm":"A","d":1,"ks":{"a":0,"k":{"c":true,"i":[[0,0],[0,0],[0,0],[0,0],[0,0],[0,0],[0,0],[0,0]],"o":[[0,0],[0,0],[0,0],[0,0],[0,0],[0,0],[0,0],[0,0]],"v":[[-19.595,-2.553],[-18.507,0.65],[-17.102,0.65],[-20.577,-9.532],[-22.163,-9.532],[-25.622,0.65],[-24.263,0.65],[-23.205,-2.553]]}}},{"ty":"sh","nm":"A","d":1,"ks":{"a":0,"k":{"c":true,"i":[[0,0],[0,0],[-0.151,0.605],[0,0],[-0.226,-0.665],[0,0]],"o":[[0,0],[0.196,-0.619],[0,0],[0.151,0.59],[0,0],[0,0]],"v":[[-22.933,-3.58],[-21.936,-6.526],[-21.423,-8.369],[-21.393,-8.369],[-20.864,-6.51],[-19.867,-3.58]]}}},{"ty":"mm","nm":"Merge Paths 1","mm":1},{"ty":"fl","nm":"Fill 1","c":{"a":0,"k":[0.5333,0.5333,0.5333]},"r":1,"o":{"a":0,"k":100}},{"ty":"tr","a":{"a":0,"k":[0,0]},"s":{"a":0,"k":[100,100]},"p":{"a":0,"k":[0,0]},"r":{"a":0,"k":0},"o":{"a":0,"k":100}}]},{"ty":"gr","nm":"p","it":[{"ty":"sh","nm":"p","d":1,"ks":{"a":0,"k":{"c":true,"i":[[0,0],[0,0],[0,0],[0,0],[-0.967,0],[0,2.629],[1.767,0],[0.544,-0.891],[0,0],[0,0],[0,0],[0,-0.936]],"o":[[0,0],[0,0],[0,0],[0.438,0.725],[1.722,0],[0,-2.22],[-1.194,0],[0,0],[0,0],[0,0],[0.031,0.695],[0,0]],"v":[[-15.312,3.641],[-13.998,3.641],[-13.998,-0.332],[-13.968,-0.332],[-11.717,0.816],[-8.394,-3.112],[-11.49,-6.828],[-14.089,-5.408],[-14.119,-5.408],[-14.179,-6.662],[-15.373,-6.662],[-15.312,-4.275]]}}},{"ty":"sh","nm":"p","d":1,"ks":{"a":0,"k":{"c":true,"i":[[0,0],[-0.046,0.166],[-0.907,0],[0,-1.465],[1.405,0],[0.242,0.921],[0,0.196]],"o":[[0,-0.181],[0.256,-0.997],[1.405,0],[0,1.677],[-0.951,0],[-0.03,-0.166],[0,0]],"v":[[-13.998,-3.58],[-13.907,-4.124],[-11.898,-5.77],[-9.723,-3.051],[-11.944,-0.226],[-13.938,-1.782],[-13.998,-2.326]]}}},{"ty":"mm","nm":"Merge Paths 1","mm":1},{"ty":"fl","nm":"Fill 1","c":{"a":0,"k":[0.5333,0.5333,0.5333]},"r":1,"o":{"a":0,"k":100}},{"ty":"tr","a":{"a":0,"k":[0,0]},"s":{"a":0,"k":[100,100]},"p":{"a":0,"k":[0,0]},"r":{"a":0,"k":0},"o":{"a":0,"k":100}}]},{"ty":"gr","nm":"r","it":[{"ty":"sh","nm":"r","d":1,"ks":{"a":0,"k":{"c":true,"i":[[0,0],[0,0],[0,0],[-0.03,0.181],[-0.937,0],[-0.136,-0.03],[0,0],[0.152,0],[0.333,-0.982],[0,0],[0,0],[0,0],[0,-0.862]],"o":[[0,0],[0,0],[0,-0.226],[0.182,-0.997],[0.181,0],[0,0],[-0.121,-0.031],[-0.891,0],[0,0],[0,0],[0,0],[0.046,0.68],[0,0]],"v":[[-6.327,0.65],[-5.013,0.65],[-5.013,-3.248],[-4.953,-3.867],[-3.17,-5.574],[-2.717,-5.529],[-2.717,-6.782],[-3.095,-6.828],[-5.119,-5.226],[-5.179,-5.226],[-5.224,-6.662],[-6.388,-6.662],[-6.327,-4.38]]}}},{"ty":"fl","nm":"Fill 1","c":{"a":0,"k":[0.5333,0.5333,0.5333]},"r":1,"o":{"a":0,"k":100}},{"ty":"tr","a":{"a":0,"k":[0,0]},"s":{"a":0,"k":[100,100]},"p":{"a":0,"k":[0,0]},"r":{"a":0,"k":0},"o":{"a":0,"k":100}}]},{"ty":"gr","nm":"1","it":[{"ty":"sh","nm":"1","d":1,"ks":{"a":0,"k":{"c":true,"i":[[0,0],[0,0],[0,0],[0,0],[0,0],[0,0],[0,0],[0,0]],"o":[[0,0],[0,0],[0,0],[0,0],[0,0],[0,0],[0,0],[0,0]],"v":[[5.12,0.65],[6.404,0.65],[6.404,-9.169],[5.271,-9.169],[3.126,-8.021],[3.383,-7.009],[5.09,-7.93],[5.12,-7.93]]}}},{"ty":"fl","nm":"Fill 1","c":{"a":0,"k":[0.5333,0.5333,0.5333]},"r":1,"o":{"a":0,"k":100}},{"ty":"tr","a":{"a":0,"k":[0,0]},"s":{"a":0,"k":[100,100]},"p":{"a":0,"k":[0,0]},"r":{"a":0,"k":0},"o":{"a":0,"k":100}}]},{"ty":"gr","nm":"2","it":[{"ty":"sh","nm":"2","d":1,"ks":{"a":0,"k":{"c":true,"i":[[0,0],[0,0],[0,0],[0,0],[0,0],[0,1.812],[2.115,0],[0.68,-0.574],[0,0],[-0.891,0],[0,-0.997],[2.508,-2.387],[0,0],[0,0]],"o":[[0,0],[0,0],[0,0],[0,0],[2.07,-1.994],[0,-1.405],[-1.133,0],[0,0],[0.454,-0.377],[1.465,0],[-0.015,1.48],[0,0],[0,0],[0,0]],"v":[[16.649,0.65],[16.649,-0.453],[12.238,-0.453],[12.238,-0.483],[13.023,-1.208],[16.407,-6.48],[13.401,-9.335],[10.621,-8.338],[11.044,-7.402],[13.129,-8.233],[15.078,-6.314],[11.422,-1.178],[10.38,-0.166],[10.38,0.65]]}}},{"ty":"fl","nm":"Fill 1","c":{"a":0,"k":[0.5333,0.5333,0.5333]},"r":1,"o":{"a":0,"k":100}},{"ty":"tr","a":{"a":0,"k":[0,0]},"s":{"a":0,"k":[100,100]},"p":{"a":0,"k":[0,0]},"r":{"a":0,"k":0},"o":{"a":0,"k":100}}]}],"ind":23},{"ty":4,"nm":"Mar 12 Outlines","sr":1,"st":0,"op":3600,"ip":0,"ln":"70","hasMask":false,"ao":0,"ks":{"a":{"a":0,"k":[0,0]},"s":{"a":0,"k":[100,100]},"p":{"a":0,"k":[54.156,151.35,0]},"r":{"a":0,"k":0},"o":{"a":0,"k":100}},"shapes":[{"ty":"gr","nm":"M","it":[{"ty":"sh","nm":"M","d":1,"ks":{"a":0,"k":{"c":true,"i":[[0,0],[0,0],[0,0],[0,0],[0,0],[0.257,-1.027],[0,0],[0.423,1.254],[0,0],[0,0],[0,0],[0,0],[0,0],[-0.03,1.268],[0,0],[-0.484,-1.435],[0,0],[0,0],[0,0],[-0.348,1.193],[0,0],[-0.075,-1.42]],"o":[[0,0],[0,0],[0,0],[0,0],[-0.453,1.284],[0,0],[-0.257,-1.057],[0,0],[0,0],[0,0],[0,0],[0,0],[0.09,-1.526],[0,0],[0.287,1.208],[0,0],[0,0],[0,0],[0.513,-1.405],[0,0],[-0.015,1.268],[0,0]],"v":[[-20.171,0.65],[-18.887,0.65],[-19.521,-9.532],[-21.198,-9.532],[-23.011,-4.607],[-24.084,-1.178],[-24.129,-1.178],[-25.156,-4.607],[-26.893,-9.532],[-28.57,-9.532],[-29.28,0.65],[-28.026,0.65],[-27.754,-3.716],[-27.558,-8.217],[-27.528,-8.217],[-26.349,-4.26],[-24.703,0.589],[-23.706,0.589],[-21.908,-4.35],[-20.624,-8.217],[-20.579,-8.217],[-20.428,-3.822]]}}},{"ty":"fl","nm":"Fill 1","c":{"a":0,"k":[0.5333,0.5333,0.5333]},"r":1,"o":{"a":0,"k":100}},{"ty":"tr","a":{"a":0,"k":[0,0]},"s":{"a":0,"k":[100,100]},"p":{"a":0,"k":[0,0]},"r":{"a":0,"k":0},"o":{"a":0,"k":100}}]},{"ty":"gr","nm":"a","it":[{"ty":"sh","nm":"a","d":1,"ks":{"a":0,"k":{"c":true,"i":[[0,0],[0,0.634],[0,0],[2.236,0],[0.604,-0.393],[0,0],[-0.68,0],[0,-0.604],[0,0],[0,-1.767],[-1.48,0],[-0.408,0.574],[0,0],[0,0]],"o":[[-0.09,-0.499],[0,0],[0,-1.465],[-0.921,0],[0,0],[0.514,-0.332],[1.495,0],[0,0],[-2.824,-0.015],[0,1.058],[1.043,0],[0,0],[0,0],[0,0]],"v":[[-11.197,0.65],[-11.317,-1.102],[-11.317,-3.837],[-14.097,-6.828],[-16.499,-6.178],[-16.197,-5.302],[-14.293,-5.846],[-12.632,-4.154],[-12.632,-4.003],[-17.028,-1.284],[-14.792,0.816],[-12.556,-0.272],[-12.511,-0.272],[-12.405,0.65]]}}},{"ty":"sh","nm":"a","d":1,"ks":{"a":0,"k":{"c":true,"i":[[0,0],[0.045,-0.136],[0.951,0],[0,0.861],[-1.451,-0.031]],"o":[[0,0.136],[-0.211,0.619],[-0.68,0],[0,-1.42],[0,0]],"v":[[-12.601,-1.812],[-12.677,-1.389],[-14.444,-0.166],[-15.698,-1.435],[-12.601,-3.081]]}}},{"ty":"mm","nm":"Merge Paths 1","mm":1},{"ty":"fl","nm":"Fill 1","c":{"a":0,"k":[0.5333,0.5333,0.5333]},"r":1,"o":{"a":0,"k":100}},{"ty":"tr","a":{"a":0,"k":[0,0]},"s":{"a":0,"k":[100,100]},"p":{"a":0,"k":[0,0]},"r":{"a":0,"k":0},"o":{"a":0,"k":100}}]},{"ty":"gr","nm":"r","it":[{"ty":"sh","nm":"r","d":1,"ks":{"a":0,"k":{"c":true,"i":[[0,0],[0,0],[0,0],[-0.03,0.181],[-0.937,0],[-0.136,-0.03],[0,0],[0.151,0],[0.332,-0.982],[0,0],[0,0],[0,0],[0,-0.862]],"o":[[0,0],[0,0],[0,-0.226],[0.181,-0.997],[0.181,0],[0,0],[-0.121,-0.031],[-0.891,0],[0,0],[0,0],[0,0],[0.045,0.68],[0,0]],"v":[[-8.773,0.65],[-7.459,0.65],[-7.459,-3.248],[-7.399,-3.867],[-5.616,-5.574],[-5.163,-5.529],[-5.163,-6.782],[-5.541,-6.828],[-7.565,-5.226],[-7.625,-5.226],[-7.671,-6.662],[-8.834,-6.662],[-8.773,-4.38]]}}},{"ty":"fl","nm":"Fill 1","c":{"a":0,"k":[0.5333,0.5333,0.5333]},"r":1,"o":{"a":0,"k":100}},{"ty":"tr","a":{"a":0,"k":[0,0]},"s":{"a":0,"k":[100,100]},"p":{"a":0,"k":[0,0]},"r":{"a":0,"k":0},"o":{"a":0,"k":100}}]},{"ty":"gr","nm":"1","it":[{"ty":"sh","nm":"1","d":1,"ks":{"a":0,"k":{"c":true,"i":[[0,0],[0,0],[0,0],[0,0],[0,0],[0,0],[0,0],[0,0]],"o":[[0,0],[0,0],[0,0],[0,0],[0,0],[0,0],[0,0],[0,0]],"v":[[2.674,0.65],[3.958,0.65],[3.958,-9.169],[2.825,-9.169],[0.68,-8.021],[0.937,-7.009],[2.644,-7.93],[2.674,-7.93]]}}},{"ty":"fl","nm":"Fill 1","c":{"a":0,"k":[0.5333,0.5333,0.5333]},"r":1,"o":{"a":0,"k":100}},{"ty":"tr","a":{"a":0,"k":[0,0]},"s":{"a":0,"k":[100,100]},"p":{"a":0,"k":[0,0]},"r":{"a":0,"k":0},"o":{"a":0,"k":100}}]},{"ty":"gr","nm":"2","it":[{"ty":"sh","nm":"2","d":1,"ks":{"a":0,"k":{"c":true,"i":[[0,0],[0,0],[0,0],[0,0],[0,0],[0,1.812],[2.115,0],[0.68,-0.574],[0,0],[-0.891,0],[0,-0.997],[2.507,-2.387],[0,0],[0,0]],"o":[[0,0],[0,0],[0,0],[0,0],[2.07,-1.994],[0,-1.405],[-1.133,0],[0,0],[0.453,-0.377],[1.465,0],[-0.016,1.48],[0,0],[0,0],[0,0]],"v":[[14.203,0.65],[14.203,-0.453],[9.792,-0.453],[9.792,-0.483],[10.577,-1.208],[13.961,-6.48],[10.955,-9.335],[8.175,-8.338],[8.598,-7.402],[10.683,-8.233],[12.632,-6.314],[8.976,-1.178],[7.934,-0.166],[7.934,0.65]]}}},{"ty":"fl","nm":"Fill 1","c":{"a":0,"k":[0.5333,0.5333,0.5333]},"r":1,"o":{"a":0,"k":100}},{"ty":"tr","a":{"a":0,"k":[0,0]},"s":{"a":0,"k":[100,100]},"p":{"a":0,"k":[0,0]},"r":{"a":0,"k":0},"o":{"a":0,"k":100}}]}],"ind":24},{"ty":4,"nm":"76 new contacts Outlines","sr":1,"st":0,"op":3600,"ip":0,"ln":"71","hasMask":false,"ao":0,"ks":{"a":{"a":0,"k":[0,0]},"s":{"a":0,"k":[100,100]},"p":{"a":0,"k":[136.5,44.62,0]},"r":{"a":0,"k":0},"o":{"a":0,"k":100}},"shapes":[{"ty":"gr","nm":"7","it":[{"ty":"sh","nm":"7","d":1,"ks":{"a":0,"k":{"c":true,"i":[[0,0],[0,0],[0,0],[0,0],[0,0],[0,0],[0,0],[0,0]],"o":[[0,0],[0,0],[0,0],[0,0],[0,0],[0,0],[0,0],[0,0]],"v":[[-111.467,-11.003],[-111.467,-9.68],[-105.702,-9.68],[-105.702,-9.643],[-110.814,0.78],[-109.165,0.78],[-104.034,-9.952],[-104.034,-11.003]]}}},{"ty":"fl","nm":"Fill 1","c":{"a":0,"k":[0.0392,0.2157,0.2353]},"r":1,"o":{"a":0,"k":100}},{"ty":"tr","a":{"a":0,"k":[0,0]},"s":{"a":0,"k":[100,100]},"p":{"a":0,"k":[0,0]},"r":{"a":0,"k":0},"o":{"a":0,"k":100}}]},{"ty":"gr","nm":"6","it":[{"ty":"sh","nm":"6","d":1,"ks":{"a":0,"k":{"c":true,"i":[[0,0],[0.471,-0.072],[0.979,-0.961],[0,-2.32],[-2.52,0],[0,2.157],[2.085,0],[0.562,-0.743],[0,0],[-2.502,0.417],[-0.326,-0.018]],"o":[[-0.29,0],[-1.487,0.182],[-1.16,1.16],[0,3.063],[2.447,0],[0,-2.302],[-1.305,0],[0,0],[0.272,-1.94],[0.453,-0.072],[0,0]],"v":[[-95.185,-11.184],[-96.345,-11.094],[-100.116,-9.353],[-102.11,-4.042],[-97.94,0.979],[-94.025,-3.172],[-97.578,-6.979],[-100.424,-5.619],[-100.478,-5.619],[-96.381,-9.807],[-95.185,-9.879]]}}},{"ty":"sh","nm":"6","d":1,"ks":{"a":0,"k":{"c":true,"i":[[1.377,0],[0.037,1.94],[-0.109,0.181],[-0.961,0],[0,-1.686]],"o":[[-1.668,0],[0,-0.29],[0.435,-0.852],[1.468,0],[0,1.686]],"v":[[-97.94,-0.253],[-100.533,-3.625],[-100.351,-4.332],[-98.067,-5.782],[-95.638,-3.081]]}}},{"ty":"mm","nm":"Merge Paths 1","mm":1},{"ty":"fl","nm":"Fill 1","c":{"a":0,"k":[0.0392,0.2157,0.2353]},"r":1,"o":{"a":0,"k":100}},{"ty":"tr","a":{"a":0,"k":[0,0]},"s":{"a":0,"k":[100,100]},"p":{"a":0,"k":[0,0]},"r":{"a":0,"k":0},"o":{"a":0,"k":100}}]},{"ty":"gr","nm":"n","it":[{"ty":"sh","nm":"n","d":1,"ks":{"a":0,"k":{"c":true,"i":[[0,0],[0,0],[0,0],[-0.072,0.199],[-1.051,0],[0,-1.414],[0,0],[0,0],[0,0],[1.215,0],[0.435,-0.834],[0,0],[0,0],[0,0],[0,-0.907]],"o":[[0,0],[0,0],[0,-0.272],[0.272,-0.889],[1.505,0],[0,0],[0,0],[0,0],[0,-3.009],[-1.45,0],[0,0],[0,0],[0,0],[0.054,0.725],[0,0]],"v":[[-87.273,0.78],[-85.677,0.78],[-85.677,-4.495],[-85.569,-5.238],[-83.43,-6.87],[-81.399,-4.278],[-81.399,0.78],[-79.804,0.78],[-79.804,-4.459],[-82.904,-8.193],[-85.804,-6.544],[-85.841,-6.544],[-85.931,-7.994],[-87.345,-7.994],[-87.273,-5.619]]}}},{"ty":"fl","nm":"Fill 1","c":{"a":0,"k":[0.0392,0.2157,0.2353]},"r":1,"o":{"a":0,"k":100}},{"ty":"tr","a":{"a":0,"k":[0,0]},"s":{"a":0,"k":[100,100]},"p":{"a":0,"k":[0,0]},"r":{"a":0,"k":0},"o":{"a":0,"k":100}}]},{"ty":"gr","nm":"e","it":[{"ty":"sh","nm":"e","d":1,"ks":{"a":0,"k":{"c":true,"i":[[0,0],[0,0.326],[2.864,0],[0,-2.647],[-2.701,0],[-0.562,0.254],[0,0],[1.142,0],[0.036,2.157]],"o":[[0.018,-0.163],[0,-1.614],[-2.556,0],[0,2.647],[1.396,0],[0,0],[-0.598,0.254],[-1.596,0],[0,0]],"v":[[-69.691,-3.317],[-69.637,-4.06],[-73.262,-8.193],[-77.377,-3.462],[-73.063,0.961],[-70.144,0.417],[-70.416,-0.725],[-72.845,-0.272],[-75.854,-3.317]]}}},{"ty":"sh","nm":"e","d":1,"ks":{"a":0,"k":{"c":true,"i":[[0,0],[-1.613,0],[0.019,-1.015]],"o":[[0.127,-1.106],[1.794,0],[0,0]],"v":[[-75.836,-4.459],[-73.389,-7.051],[-71.178,-4.459]]}}},{"ty":"mm","nm":"Merge Paths 1","mm":1},{"ty":"fl","nm":"Fill 1","c":{"a":0,"k":[0.0392,0.2157,0.2353]},"r":1,"o":{"a":0,"k":100}},{"ty":"tr","a":{"a":0,"k":[0,0]},"s":{"a":0,"k":[100,100]},"p":{"a":0,"k":[0,0]},"r":{"a":0,"k":0},"o":{"a":0,"k":100}}]},{"ty":"gr","nm":"w","it":[{"ty":"sh","nm":"w","d":1,"ks":{"a":0,"k":{"c":true,"i":[[0,0],[0,0],[0,0],[0,0],[-0.218,1.052],[0,0],[-0.308,-0.978],[0,0],[0,0],[0,0],[0,0],[0,0],[0.145,-0.888],[0,0],[0.327,1.051],[0,0],[0,0],[0,0],[0.199,-0.888],[0,0],[0.254,0.978],[0,0]],"o":[[0,0],[0,0],[0,0],[0.308,-0.943],[0,0],[0.217,1.033],[0,0],[0,0],[0,0],[0,0],[0,0],[-0.29,1.033],[0,0],[-0.199,-0.888],[0,0],[0,0],[0,0],[-0.29,0.942],[0,0],[-0.164,-0.906],[0,0],[0,0]],"v":[[-68.182,-7.994],[-65.535,0.78],[-64.085,0.78],[-62.671,-3.389],[-61.873,-6.29],[-61.837,-6.29],[-61.058,-3.408],[-59.716,0.78],[-58.266,0.78],[-55.438,-7.994],[-57.015,-7.994],[-58.266,-3.589],[-58.937,-0.743],[-58.991,-0.743],[-59.771,-3.607],[-61.13,-7.994],[-62.472,-7.994],[-63.904,-3.516],[-64.683,-0.743],[-64.737,-0.743],[-65.39,-3.534],[-66.55,-7.994]]}}},{"ty":"fl","nm":"Fill 1","c":{"a":0,"k":[0.0392,0.2157,0.2353]},"r":1,"o":{"a":0,"k":100}},{"ty":"tr","a":{"a":0,"k":[0,0]},"s":{"a":0,"k":[100,100]},"p":{"a":0,"k":[0,0]},"r":{"a":0,"k":0},"o":{"a":0,"k":100}}]},{"ty":"gr","nm":"c","it":[{"ty":"sh","nm":"c","d":1,"ks":{"a":0,"k":{"c":true,"i":[[0,0],[0.906,0],[0,2.03],[-2.012,0],[-0.381,-0.218],[0,0],[0.943,0],[0,-2.701],[-2.647,0],[-0.417,0.217]],"o":[[-0.453,0.2],[-1.741,0],[0,-1.831],[0.87,0],[0,0],[-0.436,-0.217],[-2.864,0],[0,2.683],[1.178,0],[0,0]],"v":[[-43.059,-0.743],[-45.016,-0.308],[-48.062,-3.589],[-44.962,-6.906],[-43.113,-6.489],[-42.75,-7.722],[-44.962,-8.175],[-49.675,-3.516],[-45.306,0.961],[-42.787,0.454]]}}},{"ty":"fl","nm":"Fill 1","c":{"a":0,"k":[0.0392,0.2157,0.2353]},"r":1,"o":{"a":0,"k":100}},{"ty":"tr","a":{"a":0,"k":[0,0]},"s":{"a":0,"k":[100,100]},"p":{"a":0,"k":[0,0]},"r":{"a":0,"k":0},"o":{"a":0,"k":100}}]},{"ty":"gr","nm":"o","it":[{"ty":"sh","nm":"o","d":1,"ks":{"a":0,"k":{"c":true,"i":[[2.52,0],[0,-2.937],[-2.374,0],[0,3.245]],"o":[[-2.429,0],[0,2.773],[2.121,0],[0,-2.682]],"v":[[-36.829,-8.193],[-41.179,-3.534],[-36.974,0.979],[-32.605,-3.68]]}}},{"ty":"sh","nm":"o","d":1,"ks":{"a":0,"k":{"c":true,"i":[[-1.885,0],[0,-1.487],[1.523,0],[0,1.922]],"o":[[1.885,0],[0,1.976],[-1.559,0],[0,-1.668]],"v":[[-36.865,-6.997],[-34.236,-3.625],[-36.901,-0.217],[-39.566,-3.589]]}}},{"ty":"mm","nm":"Merge Paths 1","mm":1},{"ty":"fl","nm":"Fill 1","c":{"a":0,"k":[0.0392,0.2157,0.2353]},"r":1,"o":{"a":0,"k":100}},{"ty":"tr","a":{"a":0,"k":[0,0]},"s":{"a":0,"k":[100,100]},"p":{"a":0,"k":[0,0]},"r":{"a":0,"k":0},"o":{"a":0,"k":100}}]},{"ty":"gr","nm":"n","it":[{"ty":"sh","nm":"n","d":1,"ks":{"a":0,"k":{"c":true,"i":[[0,0],[0,0],[0,0],[-0.072,0.199],[-1.051,0],[0,-1.414],[0,0],[0,0],[0,0],[1.215,0],[0.435,-0.834],[0,0],[0,0],[0,0],[0,-0.907]],"o":[[0,0],[0,0],[0,-0.272],[0.272,-0.889],[1.505,0],[0,0],[0,0],[0,0],[0,-3.009],[-1.45,0],[0,0],[0,0],[0,0],[0.054,0.725],[0,0]],"v":[[-30.123,0.78],[-28.527,0.78],[-28.527,-4.495],[-28.419,-5.238],[-26.28,-6.87],[-24.249,-4.278],[-24.249,0.78],[-22.654,0.78],[-22.654,-4.459],[-25.754,-8.193],[-28.654,-6.544],[-28.691,-6.544],[-28.781,-7.994],[-30.195,-7.994],[-30.123,-5.619]]}}},{"ty":"fl","nm":"Fill 1","c":{"a":0,"k":[0.0392,0.2157,0.2353]},"r":1,"o":{"a":0,"k":100}},{"ty":"tr","a":{"a":0,"k":[0,0]},"s":{"a":0,"k":[100,100]},"p":{"a":0,"k":[0,0]},"r":{"a":0,"k":0},"o":{"a":0,"k":100}}]},{"ty":"gr","nm":"t","it":[{"ty":"sh","nm":"t","d":1,"ks":{"a":0,"k":{"c":true,"i":[[0,0],[0,0],[0,0],[0,0],[0,0],[0,0],[-0.453,-0.471],[-0.743,0],[-0.308,0.126],[0,0],[0.417,0],[0,1.088],[0,0],[0,0],[0,0],[0,0],[0,0]],"o":[[0,0],[0,0],[0,0],[0,0],[0,0],[0,1.034],[0.381,0.435],[0.617,0],[0,0],[-0.2,0.055],[-0.888,0],[0,0],[0,0],[0,0],[0,0],[0,0],[0,0]],"v":[[-19.302,-10.097],[-19.302,-7.994],[-20.662,-7.994],[-20.662,-6.779],[-19.302,-6.779],[-19.302,-1.994],[-18.686,0.29],[-16.964,0.961],[-15.55,0.744],[-15.622,-0.453],[-16.547,-0.344],[-17.743,-2.048],[-17.743,-6.779],[-15.459,-6.779],[-15.459,-7.994],[-17.743,-7.994],[-17.743,-10.514]]}}},{"ty":"fl","nm":"Fill 1","c":{"a":0,"k":[0.0392,0.2157,0.2353]},"r":1,"o":{"a":0,"k":100}},{"ty":"tr","a":{"a":0,"k":[0,0]},"s":{"a":0,"k":[100,100]},"p":{"a":0,"k":[0,0]},"r":{"a":0,"k":0},"o":{"a":0,"k":100}}]},{"ty":"gr","nm":"a","it":[{"ty":"sh","nm":"a","d":1,"ks":{"a":0,"k":{"c":true,"i":[[0,0],[0,0.761],[0,0],[2.683,0],[0.725,-0.471],[0,0],[-0.816,0],[0,-0.725],[0,0],[0,-2.121],[-1.776,0],[-0.489,0.689],[0,0],[0,0]],"o":[[-0.109,-0.598],[0,0],[0,-1.758],[-1.106,0],[0,0],[0.617,-0.399],[1.794,0],[0,0],[-3.39,-0.019],[0,1.268],[1.251,0],[0,0],[0,0],[0,0]],"v":[[-6.858,0.78],[-7.003,-1.323],[-7.003,-4.604],[-10.339,-8.193],[-13.221,-7.414],[-12.859,-6.362],[-10.574,-7.015],[-8.58,-4.985],[-8.58,-4.803],[-13.856,-1.54],[-11.173,0.979],[-8.49,-0.326],[-8.435,-0.326],[-8.309,0.78]]}}},{"ty":"sh","nm":"a","d":1,"ks":{"a":0,"k":{"c":true,"i":[[0,0],[0.055,-0.164],[1.142,0],[0,1.034],[-1.74,-0.036]],"o":[[0,0.163],[-0.254,0.743],[-0.815,0],[0,-1.704],[0,0]],"v":[[-8.544,-2.175],[-8.635,-1.667],[-10.756,-0.199],[-12.26,-1.722],[-8.544,-3.698]]}}},{"ty":"mm","nm":"Merge Paths 1","mm":1},{"ty":"fl","nm":"Fill 1","c":{"a":0,"k":[0.0392,0.2157,0.2353]},"r":1,"o":{"a":0,"k":100}},{"ty":"tr","a":{"a":0,"k":[0,0]},"s":{"a":0,"k":[100,100]},"p":{"a":0,"k":[0,0]},"r":{"a":0,"k":0},"o":{"a":0,"k":100}}]},{"ty":"gr","nm":"c","it":[{"ty":"sh","nm":"c","d":1,"ks":{"a":0,"k":{"c":true,"i":[[0,0],[0.906,0],[0,2.03],[-2.012,0],[-0.381,-0.218],[0,0],[0.943,0],[0,-2.701],[-2.647,0],[-0.417,0.217]],"o":[[-0.453,0.2],[-1.741,0],[0,-1.831],[0.87,0],[0,0],[-0.436,-0.217],[-2.864,0],[0,2.683],[1.178,0],[0,0]],"v":[[2.031,-0.743],[0.074,-0.308],[-2.972,-3.589],[0.128,-6.906],[1.977,-6.489],[2.34,-7.722],[0.128,-8.175],[-4.585,-3.516],[-0.216,0.961],[2.303,0.454]]}}},{"ty":"fl","nm":"Fill 1","c":{"a":0,"k":[0.0392,0.2157,0.2353]},"r":1,"o":{"a":0,"k":100}},{"ty":"tr","a":{"a":0,"k":[0,0]},"s":{"a":0,"k":[100,100]},"p":{"a":0,"k":[0,0]},"r":{"a":0,"k":0},"o":{"a":0,"k":100}}]},{"ty":"gr","nm":"t","it":[{"ty":"sh","nm":"t","d":1,"ks":{"a":0,"k":{"c":true,"i":[[0,0],[0,0],[0,0],[0,0],[0,0],[0,0],[-0.453,-0.471],[-0.743,0],[-0.308,0.126],[0,0],[0.417,0],[0,1.088],[0,0],[0,0],[0,0],[0,0],[0,0]],"o":[[0,0],[0,0],[0,0],[0,0],[0,0],[0,1.034],[0.381,0.435],[0.617,0],[0,0],[-0.2,0.055],[-0.888,0],[0,0],[0,0],[0,0],[0,0],[0,0],[0,0]],"v":[[5.25,-10.097],[5.25,-7.994],[3.89,-7.994],[3.89,-6.779],[5.25,-6.779],[5.25,-1.994],[5.866,0.29],[7.588,0.961],[9.002,0.744],[8.93,-0.453],[8.005,-0.344],[6.809,-2.048],[6.809,-6.779],[9.093,-6.779],[9.093,-7.994],[6.809,-7.994],[6.809,-10.514]]}}},{"ty":"fl","nm":"Fill 1","c":{"a":0,"k":[0.0392,0.2157,0.2353]},"r":1,"o":{"a":0,"k":100}},{"ty":"tr","a":{"a":0,"k":[0,0]},"s":{"a":0,"k":[100,100]},"p":{"a":0,"k":[0,0]},"r":{"a":0,"k":0},"o":{"a":0,"k":100}}]},{"ty":"gr","nm":"s","it":[{"ty":"sh","nm":"s","d":1,"ks":{"a":0,"k":{"c":true,"i":[[0,0],[-0.96,0],[0,1.54],[1.523,0.58],[0,0.725],[-0.943,0],[-0.344,-0.218],[0,0],[0.888,0],[0,-1.414],[-1.577,-0.562],[0,-0.762],[1.16,0],[0.471,0.309]],"o":[[0.616,0.362],[2.085,0],[0,-1.306],[-1.142,-0.435],[0,-0.653],[0.816,0],[0,0],[-0.489,-0.29],[-1.885,0],[0,1.051],[1.178,0.435],[0,0.725],[-0.798,0],[0,0]],"v":[[10.769,0.363],[13.234,0.961],[16.515,-1.667],[14.213,-4.314],[12.545,-5.8],[14.014,-6.997],[15.808,-6.489],[16.207,-7.649],[14.05,-8.193],[11.023,-5.619],[13.343,-3.136],[14.975,-1.522],[13.271,-0.217],[11.168,-0.852]]}}},{"ty":"fl","nm":"Fill 1","c":{"a":0,"k":[0.0392,0.2157,0.2353]},"r":1,"o":{"a":0,"k":100}},{"ty":"tr","a":{"a":0,"k":[0,0]},"s":{"a":0,"k":[100,100]},"p":{"a":0,"k":[0,0]},"r":{"a":0,"k":0},"o":{"a":0,"k":100}}]}],"ind":25},{"ty":4,"nm":"Rectangle 5","sr":1,"st":0,"op":3600,"ip":0,"ln":"13","hasMask":false,"ao":0,"ks":{"a":{"a":0,"k":[0,0]},"s":{"a":0,"k":[100,100]},"p":{"a":0,"k":[142,86]},"r":{"a":0,"k":0},"o":{"a":0,"k":100}},"shapes":[{"ty":"gr","nm":"Rectangle 5 Stroke","it":[{"ty":"rc","nm":"Rectangle Path 1","d":1,"p":{"a":0,"k":[0,0]},"r":{"a":0,"k":20},"s":{"a":0,"k":[284,172]}},{"ty":"op","nm":"Offset Paths 1","a":{"a":0,"k":-0.5},"lj":2,"ml":{"a":0,"k":1}},{"ty":"tr","a":{"a":0,"k":[0,0]},"s":{"a":0,"k":[100,100]},"p":{"a":0,"k":[0,0]},"r":{"a":0,"k":0},"o":{"a":0,"k":100}}]},{"ty":"gr","nm":"Rectangle 5 Fill","it":[{"ty":"rc","nm":"Rectangle Path 1","d":1,"p":{"a":0,"k":[0,0]},"r":{"a":0,"k":20},"s":{"a":0,"k":[284,172]}},{"ty":"fl","nm":"Fill 1","c":{"a":0,"k":[1,1,1]},"r":1,"o":{"a":0,"k":100}},{"ty":"tr","a":{"a":0,"k":[0,0]},"s":{"a":0,"k":[100,100]},"p":{"a":0,"k":[0,0]},"r":{"a":0,"k":0},"o":{"a":0,"k":100}}]}],"ind":26}],"v":"5.7.0","fr":60,"op":39,"ip":0,"fonts":{"list":[{"ascent":67.4,"fClass":"","fFamily":"Urbanist","fStyle":"Regular","fName":"Urbanist-Regular","fPath":"","fWeight":"","origin":0}]},"assets":[]}